Model_Name,Train_Best_Params,Test_Accuracy,Test_Precision,Test_Recall,Test_F1,Test_ROC_AUC,CV_Best_Score,Opt_Threshold,Opt_Recall,Opt_Precision,Opt_F1,Training_Time
RandomForest,"{'model__n_estimators': 300, 'model__min_samples_leaf': 3, 'model__max_depth': 15}",0.983395599833956,0.7111111111111111,0.8205128205128205,0.7619047619047619,0.9917664917664918,0.6985894580549369,0.2,0.9871794871794872,0.5167785234899329,0.6784140969162996,78.04739999771118
LogReg,{'model__C': 0.5},0.9788293897882939,0.6097560975609756,0.9615384615384616,0.746268656716418,0.9913924913924914,0.9287305122494433,0.2,0.9871794871794872,0.4052631578947368,0.5746268656716418,18.357677698135376
GradientBoosting,"{'model__learning_rate': 0.05, 'model__max_depth': 3, 'model__n_estimators': 300}",0.9829804898298049,0.7176470588235294,0.782051282051282,0.7484662576687117,0.9924924924924925,0.694135115070527,0.1,0.9615384615384616,0.5725190839694656,0.7177033492822966,291.94932746887207
