feature,importance
numeric__mean_AQI,30.315021032831545
numeric__CO,28.305649019791794
numeric__std_AQI,26.604853881123322
numeric__max_AQI,24.57632289577534
numeric__SO2,22.386147784959785
numeric__pct_severe_days,20.557768874802598
numeric__NO2,18.99480631698987
numeric__pct_very_poor_days,16.299350794438478
numeric__PM2.5,13.892571963645006
numeric__NOx,10.645014234621174
numeric__PM10,3.3976196007024977
numeric__O3,1.1373700326268623
